<?xml version="1.0" encoding="UTF-8"?>
<!DOCTYPE suite SYSTEM "https://testng.org/testng-1.0.dtd">
<suite  name="Suite1">
  <test  name="Test1">
    <classes>
      <class name="test.OpenApiDemo">
		  
		<methods>
			
			
			<include name="LogIn"/>
			<include name="contactUs"/>
			
		</methods>
		  
	  </class>
    </classes>
   </test> 
   
   <test  name="Test2">
    <classes>
      <class name="test.TestNG_Demo">
		  
		<methods>
			
			<include name="googleSearch"/>
		
		</methods>
		  
	  </class>
    </classes>
   </test> 
   
   
</suite> 
